,Loeb,Southam,TunnelJunction,Library,Azrieli/Tory,Steacie,Richcraft,UC,Canal,Nicol,Mackenzie/Minto,Frontenac,ResComms,CTTC,Robertson
Loeb,NAV_DOCK,NAV_U-TURN,NAV_U-TURN,NAV_U-TURN,NAV_U-TURN,NAV_LEFT,NAV_LEFT,NAV_U-TURN,NAV_U-TURN,NAV_U-TURN,NAV_U-TURN,NAV_U-TURN,NAV_U-TURN,NAV_U-TURN,NAV_U-TURN
Southam,NAV_PASS,NAV_DOCK,NAV_U-TURN,NAV_U-TURN,NAV_U-TURN,NAV_PASS,NAV_PASS,NAV_U-TURN,NAV_U-TURN,NAV_U-TURN,NAV_U-TURN,NAV_U-TURN,NAV_U-TURN,NAV_U-TURN,NAV_U-TURN
TunnelJunction,NAV_RIGHT,NAV_RIGHT,NAV_DOCK,NAV_U-TURN,NAV_U-TURN,NAV_U-TURN,NAV_U-TURN,NAV_U-TURN,NAV_U-TURN,NAV_U-TURN,NAV_U-TURN,NAV_U-TURN,NAV_U-TURN,NAV_U-TURN,NAV_U-TURN
Library,NAV_LEFT,NAV_LEFT,NAV_LEFT,NAV_DOCK,NAV_U-TURN,NAV_U-TURN,NAV_U-TURN,NAV_U-TURN,NAV_U-TURN,NAV_U-TURN,NAV_U-TURN,NAV_U-TURN,NAV_U-TURN,NAV_U-TURN,NAV_U-TURN
Azrieli/Tory,NAV_RIGHT,NAV_RIGHT,NAV_RIGHT,NAV_RIGHT,NAV_DOCK,NAV_U-TURN,NAV_U-TURN,NAV_U-TURN,NAV_U-TURN,NAV_U-TURN,NAV_U-TURN,NAV_U-TURN,NAV_U-TURN,NAV_U-TURN,NAV_U-TURN
Steacie,NAV_RIGHT,NAV_RIGHT,NAV_U-TURN,NAV_U-TURN,NAV_U-TURN,NAV_DOCK,NAV_PASS,NAV_U-TURN,NAV_U-TURN,NAV_U-TURN,NAV_U-TURN,NAV_U-TURN,NAV_U-TURN,NAV_U-TURN,NAV_U-TURN
Richcraft,NAV_PASS,NAV_PASS,NAV_PASS,NAV_PASS,NAV_PASS,NAV_PASS,NAV_DOCK,NAV_PASS,NAV_PASS,NAV_PASS,NAV_PASS,NAV_PASS,NAV_PASS,NAV_PASS,NAV_PASS
UC,NAV_RIGHT,NAV_RIGHT,NAV_RIGHT,NAV_RIGHT,NAV_RIGHT,NAV_PASS,NAV_PASS,NAV_DOCK,NAV_U-TURN,NAV_U-TURN,NAV_U-TURN,NAV_U-TURN,NAV_U-TURN,NAV_U-TURN,NAV_U-TURN
Canal,NAV_PASS,NAV_PASS,NAV_PASS,NAV_PASS,NAV_PASS,NAV_PASS,NAV_PASS,NAV_PASS,NAV_DOCK,NAV_U-TURN,NAV_U-TURN,NAV_U-TURN,NAV_U-TURN,NAV_U-TURN,NAV_U-TURN
Nicol,NAV_RIGHT,NAV_RIGHT,NAV_RIGHT,NAV_RIGHT,NAV_RIGHT,NAV_RIGHT,NAV_RIGHT,NAV_RIGHT,NAV_RIGHT,NAV_DOCK,NAV_U-TURN,NAV_U-TURN,NAV_U-TURN,NAV_LEFT,NAV_LEFT
Mackenzie/Minto,NAV_PASS,NAV_PASS,NAV_PASS,NAV_PASS,NAV_PASS,NAV_PASS,NAV_PASS,NAV_PASS,NAV_PASS,NAV_PASS,NAV_DOCK,NAV_U-TURN,NAV_U-TURN,NAV_PASS,NAV_PASS
Frontenac,NAV_PASS,NAV_PASS,NAV_PASS,NAV_PASS,NAV_PASS,NAV_PASS,NAV_PASS,NAV_PASS,NAV_PASS,NAV_PASS,NAV_PASS,NAV_DOCK,NAV_U-TURN,NAV_PASS,NAV_PASS
ResComms,NAV_PASS,NAV_PASS,NAV_PASS,NAV_PASS,NAV_PASS,NAV_PASS,NAV_PASS,NAV_PASS,NAV_PASS,NAV_PASS,NAV_PASS,NAV_PASS,NAV_DOCK,NAV_PASS,NAV_PASS
CTTC,NAV_RIGHT,NAV_RIGHT,NAV_RIGHT,NAV_RIGHT,NAV_RIGHT,NAV_RIGHT,NAV_RIGHT,NAV_RIGHT,NAV_RIGHT,NAV_RIGHT,NAV_RIGHT,NAV_RIGHT,NAV_RIGHT,NAV_DOCK,NAV_PASS
Robertson,NAV_PASS,NAV_PASS,NAV_PASS,NAV_PASS,NAV_PASS,NAV_PASS,NAV_PASS,NAV_PASS,NAV_PASS,NAV_PASS,NAV_PASS,NAV_PASS,NAV_PASS,NAV_PASS,NAV_DOCK